File Name,Total Faces,Curved Faces,Total Edges,Vertices,Bounding Box Volume,Mean Curvature,Curvature Std Dev,Volume,Hole Count,size,ispart,Criteria Met
00009670.step,8,1,36,72,10000.00033000005,-0.0078125,0.020669932117692115,7994.690350851271,1,238.3037109375,0,4
00509520.step,36,18,204,408,129600.00891308741,-0.03178589548452562,0.041599548087034546,50865.52184049285,18,405.5439453125,0,9
00509609.step,8,6,28,56,9217.723766128503,-0.03920199957082843,0.025419390688173046,3964.073950480429,2,1346.6142578125,0,5
00509711.step,7,1,30,60,954.6728259391949,-0.14285714285714285,0.34992710611188266,952.7092233805165,1,714.0625,0,3
00509745.step,0,0,1,2,20387.949922779986,,,0.0,0,182.9697265625,0,2
00509765.step,4,2,12,24,30989.41959985889,-0.026707149082117455,0.027095682514170754,9377.466811552938,2,988.73828125,0,5
